user_nick,人群名称,人群类型,推广设备,产品线,计划,单元,展现数,点击数,点击率,总费用,千次展现成本,平均点击成本,总订单行,总订单金额,转化率,ROI
美的厨房电器1,默认购买人群,京选人群,无线,品牌聚效,京选店铺_洗碗机,洗碗机店铺,117112,9384,8.01%,44285.01,378.14,4.72,474,1177649,5.05%,26.59
美的厨房电器1,【新】浏览店铺未购洗消,新标签人群,无线,品牌聚效,京选店铺_洗碗机,洗碗机店铺,99706,6713,6.73%,36155.38,362.62,5.39,312,754804,4.65%,20.88
美的厨房电器1,【新】浏览洗碗机未购买,新标签人群,无线,品牌聚效,京选店铺_洗碗机,洗碗机店铺,71375,6191,8.67%,27386.52,383.7,4.42,377,918467,6.09%,33.54
美的厨房电器1,618大促类目购买意向人群【洗碗机】,标签人群,无线,品牌聚效,京选店铺_洗碗机,洗碗机店铺,68192,7199,10.56%,28333.89,415.5,3.94,488,1198940,6.78%,42.31
美的厨房电器1,默认购买人群,京选人群,无线,京东快车(搜索),J1_洗碗机_单投,搜索-核心,64963,5374,8.27%,23587.7,363.09,4.39,248,694149,4.61%,29.43
美的厨房电器1,近30天浏览、关注、加购过与所选种子相关的三级类目商品的人群,定向推荐人群,无线,品牌聚效,京选店铺_洗碗机,洗碗机店铺,64126,4052,6.32%,20713.87,323.02,5.11,93,231152,2.30%,11.16
美的厨房电器1,【新】洗碗机搜索偏好,新标签人群,无线,品牌聚效,京选店铺_洗碗机,洗碗机店铺,63253,7037,11.13%,23832.5,376.78,3.39,289,703897,4.11%,29.54
美的厨房电器1,近30天内浏览所选种子商品的人群,定向推荐人群,无线,京东快车(搜索),J1_洗碗机_单投,搜索-核心,60715,5056,8.33%,22247.99,366.43,4.4,247,694880,4.89%,31.23
美的厨房电器1,近30天浏览、关注、加购与所选种子相关的店铺或品牌商品的人群,定向推荐人群,无线,京东快车(搜索),J1_洗碗机_单投,搜索-核心,60663,5085,8.38%,22290.53,367.45,4.38,241,683759,4.74%,30.67
美的厨房电器1,默认购买人群,京选人群,无线,京东快车(搜索),K2_洗碗机_单投,搜索-核心,58309,7393,12.68%,35845.4,614.75,4.85,486,1380496,6.57%,38.51
美的厨房电器1,默认购买人群,京选人群,PC,京东快车(搜索),D2_洗碗机_单投,搜索-核心,57649,160,0.28%,800.91,13.89,5.01,7,10824,4.38%,13.51
美的厨房电器1,【新】618大促高潜人群,京选人群,无线,品牌聚效,京选店铺_洗碗机,洗碗机店铺,55847,3615,6.47%,19131.4,342.57,5.29,107,259303,2.96%,13.55
美的厨房电器1,近30天内浏览所选种子商品的人群,定向推荐人群,无线,京东快车(搜索),K2_洗碗机_单投,搜索-核心,55444,6852,12.36%,33248.61,599.68,4.85,467,1338080,6.82%,40.24
美的厨房电器1,近30天浏览、关注、加购与所选种子相关的店铺或品牌商品的人群,定向推荐人群,无线,京东快车(搜索),K2_洗碗机_单投,搜索-核心,54000,6705,12.42%,32314.43,598.42,4.82,429,1234891,6.40%,38.21
美的厨房电器1,近30天浏览、关注、加购与所选种子相关的店铺或品牌商品的人群,定向推荐人群,无线,品牌聚效,京选店铺_洗碗机,洗碗机店铺,48721,4927,10.11%,24493.05,502.72,4.97,362,926276,7.35%,37.82
美的厨房电器1,默认浏览人群,京选人群,无线,京东快车(搜索),J1_洗碗机_单投,搜索-核心,48651,3858,7.93%,18391.93,378.04,4.77,210,591018,5.44%,32.13
美的厨房电器1,近30天内浏览所选种子商品的人群,定向推荐人群,无线,品牌聚效,京选店铺_洗碗机,洗碗机店铺,48274,4973,10.30%,19971.44,413.71,4.02,456,1135575,9.17%,56.86
美的厨房电器1,近30天内浏览所选种子商品的人群,定向推荐人群,PC,京东快车(搜索),D2_洗碗机_单投,搜索-核心,44919,135,0.30%,699.32,15.57,5.18,7,12324,5.19%,17.62
美的厨房电器1,近30天浏览、关注、加购与所选种子相关的店铺或品牌商品的人群,定向推荐人群,PC,京东快车(搜索),D2_洗碗机_单投,搜索-核心,44395,123,0.28%,606.66,13.67,4.93,5,8726,4.07%,14.38
美的厨房电器1,【新】618大促京东直投广告再营销人群,京选人群,无线,品牌聚效,京选店铺_洗碗机,洗碗机店铺,43609,3562,8.17%,16021.45,367.39,4.5,144,329426,4.04%,20.56
美的厨房电器1,近30天浏览、关注、加购过与所选种子相关的三级类目商品的人群,定向推荐人群,无线,京东快车(搜索),J1_洗碗机_单投,搜索-核心,42682,3984,9.33%,17496.53,409.93,4.39,158,457634,3.97%,26.16
美的厨房电器1,默认浏览人群,京选人群,无线,京东快车(搜索),K2_洗碗机_单投,搜索-核心,40644,5242,12.90%,27620.28,679.57,5.27,354,1012371,6.75%,36.65
美的厨房电器1,近30天浏览、关注、加购过与所选种子相关的三级类目商品的人群,定向推荐人群,无线,京东快车(搜索),K2_洗碗机_单投,搜索-核心,40622,6131,15.09%,29607.68,728.86,4.83,352,1016169,5.74%,34.32
美的厨房电器1,近30天浏览、关注、加购过与所选种子相关的三级类目商品的人群,定向推荐人群,PC,京东快车(搜索),D2_洗碗机_单投,搜索-核心,39213,118,0.30%,609.13,15.53,5.16,8,15323,6.78%,25.16
美的厨房电器1,默认浏览人群,京选人群,PC,京东快车(搜索),D2_洗碗机_单投,搜索-核心,34937,107,0.31%,543.87,15.57,5.08,5,7226,4.67%,13.29
美的厨房电器1,默认购买人群,京选人群,PC,京东快车(搜索),K2_洗碗机_单投,搜索-核心,34321,1388,4.04%,5993.71,174.64,4.32,147,434021,10.59%,72.41
美的厨房电器1,默认购买人群,京选人群,无线,京东快车(搜索),Q7_洗碗机_单投,搜索-核心,33872,3476,10.26%,17511.39,516.99,5.04,318,879760,9.15%,50.24
美的厨房电器1,近30天内浏览所选种子商品的人群,定向推荐人群,无线,京东快车(搜索),Q7_洗碗机_单投,搜索-核心,32471,3353,10.33%,16898.34,520.41,5.04,313,868869,9.33%,51.42
美的厨房电器1,近30天浏览、关注、加购与所选种子相关的店铺或品牌商品的人群,定向推荐人群,无线,京东快车(搜索),Q7_洗碗机_单投,搜索-核心,31517,3247,10.30%,16189.27,513.67,4.99,293,820591,9.02%,50.69
美的厨房电器1,近30天内浏览所选种子商品的人群,定向推荐人群,PC,京东快车(搜索),K2_洗碗机_单投,搜索-核心,27217,1087,3.99%,4700.56,172.71,4.32,138,403652,12.70%,85.87
美的厨房电器1,近30天浏览、关注、加购与所选种子相关的店铺或品牌商品的人群,定向推荐人群,PC,京东快车(搜索),K2_洗碗机_单投,搜索-核心,27159,1103,4.06%,4752.2,174.98,4.31,133,390681,12.06%,82.21
美的厨房电器1,默认购买人群,京选人群,PC,京东快车(搜索),J1_洗碗机_单投,搜索-核心,25686,146,0.57%,553.28,21.54,3.79,12,36988,8.22%,66.85
美的厨房电器1,近30天浏览、关注、加购过与所选种子相关的三级类目商品的人群,定向推荐人群,无线,京东快车(搜索),洗碗机_店铺,店铺_洗碗机,24977,863,3.46%,1956.02,78.31,2.27,27,41908,3.13%,21.43
美的厨房电器1,默认浏览人群,京选人群,无线,京东快车(搜索),Q7_洗碗机_单投,搜索-核心,24753,2506,10.12%,12727.67,514.19,5.08,230,654149,9.18%,51.4
美的厨房电器1,近30天浏览、关注、加购过与所选种子相关的三级类目商品的人群,定向推荐人群,PC,京东快车(搜索),K2_洗碗机_单投,搜索-核心,24569,1248,5.08%,5424.72,220.8,4.35,105,313393,8.41%,57.77
美的厨房电器1,默认浏览人群,京选人群,PC,京东快车(搜索),K2_洗碗机_单投,搜索-核心,24005,1028,4.28%,4815.52,200.6,4.68,119,349294,11.58%,72.54
美的厨房电器1,【新】浏览/加购未购买-洗碗机,新标签人群,无线,京东快车(搜索),K2_洗碗机_单投,搜索-核心,21873,2665,12.18%,10648.79,486.85,4,121,342695,4.54%,32.18
美的厨房电器1,【新】洗碗机搜索偏好,新标签人群,PC,京东快车(搜索),D2_洗碗机_单投,搜索-核心,21857,50,0.23%,205.53,9.4,4.11,-,-,-,-
美的厨房电器1,默认浏览人群,京选人群,无线,京东快车(搜索),Q1_洗碗机_单投,搜索-核心,21793,1884,8.64%,12163.92,558.16,6.46,148,247147,7.86%,20.32
美的厨房电器1,【新】浏览/加购未购买-洗碗机,新标签人群,PC,京东快车(搜索),D2_洗碗机_单投,搜索-核心,21221,48,0.23%,237.66,11.2,4.95,2,5098,4.17%,21.45
美的厨房电器1,【新】浏览/加购未购买-洗碗机,新标签人群,无线,京东快车(搜索),J1_洗碗机_单投,搜索-核心,20918,1902,9.09%,6929.31,331.26,3.64,49,134677,2.58%,19.44
美的厨房电器1,近30天内浏览所选种子商品的人群,定向推荐人群,PC,京东快车(搜索),J1_洗碗机_单投,搜索-核心,20416,133,0.65%,492.45,24.12,3.7,10,28990,7.52%,58.87
美的厨房电器1,【新】浏览洗碗机未购买,新标签人群,无线,京东快车(搜索),K2_洗碗机_单投,搜索-核心,20408,2445,11.98%,9810.14,480.7,4.01,117,331102,4.79%,33.75
美的厨房电器1,近30天浏览、关注、加购与所选种子相关的店铺或品牌商品的人群,定向推荐人群,PC,京东快车(搜索),J1_洗碗机_单投,搜索-核心,20336,126,0.62%,471.79,23.2,3.74,11,31989,8.73%,67.8
美的厨房电器1,【新】洗碗机搜索偏好,新标签人群,无线,京东快车(搜索),J1_洗碗机_单投,搜索-核心,20259,1623,8.01%,5459.66,269.49,3.36,32,87566,1.97%,16.04
美的厨房电器1,近30天浏览、关注、加购过与所选种子相关的三级类目商品的人群,定向推荐人群,无线,京东快车(搜索),Q7_洗碗机_单投,搜索-核心,20226,2122,10.49%,10700.88,529.07,5.04,204,573107,9.61%,53.56
美的厨房电器1,默认购买人群,京选人群,无线,京东快车(搜索),Q1_洗碗机_单投,搜索-核心,20159,1725,8.56%,11074.06,549.34,6.42,148,251847,8.58%,22.74
美的厨房电器1,【新】浏览洗碗机未购买,新标签人群,PC,京东快车(搜索),D2_洗碗机_单投,搜索-核心,20088,47,0.23%,230.01,11.45,4.89,2,5098,4.26%,22.16
美的厨房电器1,【新】浏览洗碗机未购买,新标签人群,无线,京东快车(搜索),J1_洗碗机_单投,搜索-核心,19665,1773,9.02%,6442.17,327.6,3.63,42,115754,2.37%,17.97
美的厨房电器1,近30天内浏览所选种子商品的人群,定向推荐人群,无线,京东快车(搜索),Q1_洗碗机_单投,搜索-核心,19216,1627,8.47%,10473.62,545.05,6.44,142,234454,8.73%,22.39
美的厨房电器1,默认购买人群,京选人群,PC,京东快车(搜索),Q7_洗碗机_单投,搜索-核心,19000,395,2.08%,1746.44,91.92,4.42,33,95659.43,8.35%,54.77
美的厨房电器1,近30天浏览、关注、加购与所选种子相关的店铺或品牌商品的人群,定向推荐人群,无线,京东快车(搜索),Q1_洗碗机_单投,搜索-核心,18157,1551,8.54%,9695.22,533.97,6.25,123,203373,7.93%,20.98
美的厨房电器1,【新】洗碗机搜索偏好,新标签人群,无线,京东快车(搜索),K2_洗碗机_单投,搜索-核心,17997,2130,11.84%,7767.39,431.59,3.65,82,232944,3.85%,29.99
美的厨房电器1,【新】搜索/促销敏感未购买-洗碗机,新标签人群,无线,京东快车(搜索),J1_洗碗机_单投,搜索-核心,17895,1424,7.96%,4758.32,265.9,3.34,29,78271,2.04%,16.45
美的厨房电器1,618大促类目购买意向人群【洗碗机】,标签人群,无线,京东快车(搜索),洗碗机_店铺,店铺_洗碗机,17584,516,2.93%,1081.23,61.49,2.1,29,52069,5.62%,48.16
美的厨房电器1,近30天浏览、关注、加购过与所选种子相关的三级类目商品的人群,定向推荐人群,PC,京东快车(搜索),J1_洗碗机_单投,搜索-核心,17572,111,0.63%,425.05,24.19,3.83,12,32988,10.81%,77.61
美的厨房电器1,默认浏览人群,京选人群,无线,京东快车(搜索),秒杀计划,美的（Midea）_洗碗机,17079,1771,10.37%,7840.04,459.05,4.43,230,621710,12.99%,79.3
美的厨房电器1,【新】洗碗机搜索偏好,新标签人群,无线,京东快车(搜索),洗碗机_店铺,店铺_洗碗机,16315,489,3.00%,920.96,56.45,1.88,22,33978,4.50%,36.89
美的厨房电器1,【新】浏览洗碗机竞品未购买,新标签人群,无线,品牌聚效,京选店铺_洗碗机,洗碗机店铺,15877,2242,14.12%,8715.02,548.91,3.89,149,372182,6.65%,42.71
美的厨房电器1,默认浏览人群,京选人群,PC,京东快车(搜索),Q1_洗碗机_单投,搜索-核心,15848,84,0.53%,396.45,25.02,4.72,4,6196,4.76%,15.63
美的厨房电器1,【新】搜索/促销敏感未购买-洗碗机,新标签人群,无线,京东快车(搜索),K2_洗碗机_单投,搜索-核心,15712,1802,11.47%,6583.25,419,3.65,73,209454,4.05%,31.82
美的厨房电器1,默认购买人群,京选人群,无线,京东快车(搜索),秒杀计划,美的（Midea）_洗碗机,15481,1636,10.57%,7226.43,466.79,4.42,224,607315,13.69%,84.04
美的厨房电器1,【新】浏览洗碗机未购买,新标签人群,无线,京东快车(搜索),洗碗机_店铺,店铺_洗碗机,15322,490,3.20%,1002,65.4,2.04,23,40577,4.69%,40.5
美的厨房电器1,默认浏览人群,京选人群,PC,京东快车(搜索),J1_洗碗机_单投,搜索-核心,15112,86,0.57%,364.21,24.1,4.24,11,34489,12.79%,94.7
美的厨房电器1,近30天内浏览所选种子商品的人群,定向推荐人群,PC,京东快车(搜索),Q7_洗碗机_单投,搜索-核心,14949,325,2.17%,1451,97.06,4.46,30,86362.43,9.23%,59.52
美的厨房电器1,默认购买人群,京选人群,PC,京东快车(搜索),Q1_洗碗机_单投,搜索-核心,14903,79,0.53%,370.32,24.85,4.69,4,6196,5.06%,16.73
美的厨房电器1,近30天浏览、关注、加购与所选种子相关的店铺或品牌商品的人群,定向推荐人群,PC,京东快车(搜索),Q7_洗碗机_单投,搜索-核心,14812,329,2.22%,1460.69,98.62,4.44,27,75665.43,8.21%,51.8
美的厨房电器1,【新】搜索/促销敏感未购买-洗碗机,新标签人群,PC,京东快车(搜索),D2_洗碗机_单投,搜索-核心,14179,31,0.22%,109.09,7.69,3.52,-,-,-,-
美的厨房电器1,近30天浏览、关注、加购过与所选种子相关的三级类目商品的人群,定向推荐人群,PC,京东快车(搜索),Q7_洗碗机_单投,搜索-核心,13141,264,2.01%,1153.16,87.75,4.37,20,57778.43,7.58%,50.1
美的厨房电器1,【新】浏览店铺未购洗消,新标签人群,无线,京东快车(搜索),洗碗机_店铺,店铺_洗碗机,13102,537,4.10%,1223.84,93.41,2.28,24,43513,4.47%,35.55
美的厨房电器1,【新】浏览洗碗机竞品未购买,新标签人群,无线,京东快车(搜索),J1_洗碗机_单投,搜索-核心,12268,1106,9.02%,4104.09,334.54,3.71,30,84667,2.71%,20.63
美的厨房电器1,【新】购买厨卫未购买洗碗机,新标签人群,无线,品牌聚效,京选店铺_洗碗机,洗碗机店铺,12240,616,5.03%,3998.95,326.71,6.49,19,46284,3.08%,11.57
美的厨房电器1,近30天浏览、关注、加购过与所选种子相关的三级类目商品的人群,定向推荐人群,无线,京东快车(搜索),Q1_洗碗机_单投,搜索-核心,12195,1158,9.50%,7461.07,611.81,6.44,71,121527,6.13%,16.29
美的厨房电器1,【新】浏览洗碗机竞品未购买,新标签人群,无线,京东快车(搜索),K2_洗碗机_单投,搜索-核心,12167,1316,10.82%,5403.13,444.08,4.11,62,176430,4.71%,32.65
美的厨房电器1,近30天内浏览所选种子商品的人群,定向推荐人群,PC,京东快车(搜索),Q1_洗碗机_单投,搜索-核心,12161,68,0.56%,322.75,26.54,4.75,4,6196,5.88%,19.2
美的厨房电器1,【新】浏览洗碗机竞品未购买,新标签人群,PC,京东快车(搜索),D2_洗碗机_单投,搜索-核心,11951,20,0.17%,92.26,7.72,4.61,1,2899,5.00%,31.42
美的厨房电器1,近30天内加购、加关注所选种子商品的人群,定向推荐人群,无线,品牌聚效,京选店铺_洗碗机,洗碗机店铺,11752,1346,11.45%,5365.24,456.54,3.99,134,359484,9.96%,67
美的厨房电器1,近30天浏览、关注、加购与所选种子相关的店铺或品牌商品的人群,定向推荐人群,PC,京东快车(搜索),Q1_洗碗机_单投,搜索-核心,11728,68,0.58%,317.27,27.05,4.67,4,6196,5.88%,19.53
美的厨房电器1,默认浏览人群,京选人群,PC,京东快车(搜索),Q7_洗碗机_单投,搜索-核心,11616,276,2.38%,1221.22,105.13,4.42,23,64869.43,8.33%,53.12
美的厨房电器1,近30天内加购、加关注所选种子商品的人群,定向推荐人群,无线,京东快车(搜索),J1_洗碗机_单投,搜索-核心,11198,1184,10.57%,5110.5,456.38,4.32,103,277677,8.70%,54.33
美的厨房电器1,近30天内加购、加关注所选种子商品的人群,定向推荐人群,无线,京东快车(搜索),K2_洗碗机_单投,搜索-核心,11012,1673,15.19%,8165.3,741.49,4.88,162,469684,9.68%,57.52
美的厨房电器1,【新】浏览/加购未购买-洗碗机,新标签人群,无线,京东快车(搜索),Q7_洗碗机_单投,搜索-核心,10796,1071,9.92%,5319.66,492.74,4.97,79,206219,7.38%,38.77
美的厨房电器1,【新】持【家用电器】类优惠券的用户,京选人群,无线,品牌聚效,京选店铺_洗碗机,洗碗机店铺,10794,706,6.54%,3099.92,287.19,4.39,16,38476,2.27%,12.41
美的厨房电器1,【新】浏览/加购未购买-洗碗机,新标签人群,PC,京东快车(搜索),K2_洗碗机_单投,搜索-核心,10691,392,3.67%,1334.82,124.85,3.41,29,84370,7.40%,63.21
美的厨房电器1,【新】洗碗机搜索偏好,新标签人群,PC,京东快车(搜索),J1_洗碗机_单投,搜索-核心,10648,59,0.55%,180.44,16.95,3.06,1,2499,1.69%,13.85
美的厨房电器1,近30天内浏览所选种子商品的人群,定向推荐人群,无线,京东快车(搜索),洗碗机_店铺,店铺_洗碗机,10393,311,2.99%,626.45,60.28,2.01,24,47574,7.72%,75.94
美的厨房电器1,默认购买人群,京选人群,PC,京东快车(搜索),V1_洗碗机_单投,搜索-核心,10368,49,0.47%,233.83,22.55,4.77,11,23089,22.45%,98.74
美的厨房电器1,【新】洗碗机搜索偏好,新标签人群,PC,京东快车(搜索),K2_洗碗机_单投,搜索-核心,10277,341,3.32%,1081.6,105.24,3.17,18,54782,5.28%,50.65
美的厨房电器1,【新】浏览/加购未购买-洗碗机,新标签人群,PC,京东快车(搜索),J1_洗碗机_单投,搜索-核心,10235,70,0.68%,238.52,23.3,3.41,1,2499,1.43%,10.48
美的厨房电器1,【新】浏览洗碗机未购买,新标签人群,PC,京东快车(搜索),K2_洗碗机_单投,搜索-核心,10075,371,3.68%,1263.66,125.43,3.41,28,81171,7.55%,64.23
美的厨房电器1,【新】浏览洗碗机未购买,新标签人群,无线,京东快车(搜索),Q7_洗碗机_单投,搜索-核心,10036,997,9.93%,4977.56,495.97,4.99,78,204920,7.82%,41.17
美的厨房电器1,近30天浏览、关注、加购过与所选种子相关的三级类目商品的人群,定向推荐人群,PC,京东快车(搜索),Q1_洗碗机_单投,搜索-核心,10000,47,0.47%,233.09,23.31,4.96,3,3397,6.38%,14.57
美的厨房电器1,近30天浏览、关注、加购与所选种子相关的店铺或品牌商品的人群,定向推荐人群,无线,京东快车(搜索),洗碗机_店铺,店铺_洗碗机,9909,299,3.02%,611.07,61.67,2.04,15,31483,5.02%,51.52
美的厨房电器1,【新】浏览洗碗机未购买,新标签人群,PC,京东快车(搜索),J1_洗碗机_单投,搜索-核心,9695,68,0.70%,231.84,23.91,3.41,1,2499,1.47%,10.78
美的厨房电器1,【新】洗碗机搜索偏好,新标签人群,无线,京东快车(搜索),Q7_洗碗机_单投,搜索-核心,9617,752,7.82%,3381.02,351.57,4.5,44,119754,5.85%,35.42
美的厨房电器1,【新】618大促京东直投广告再营销人群,京选人群,无线,京东快车(搜索),洗碗机_店铺,店铺_洗碗机,8949,243,2.72%,564.74,63.11,2.32,6,8792,2.47%,15.57
美的厨房电器1,【新】搜索/促销敏感未购买-洗碗机,新标签人群,无线,京东快车(搜索),Q7_洗碗机_单投,搜索-核心,8541,682,7.99%,3065.36,358.9,4.49,43,116655,6.30%,38.06
美的厨房电器1,默认购买人群,京选人群,无线,京东快车(搜索),V1_洗碗机_单投,搜索-核心,8453,762,9.01%,3719.39,440.01,4.88,53,139244,6.96%,37.44
美的厨房电器1,近30天内浏览所选种子商品的人群,定向推荐人群,PC,京东快车(搜索),V1_洗碗机_单投,搜索-核心,8364,45,0.54%,219.05,26.19,4.87,11,23089,24.44%,105.41
美的厨房电器1,【新】浏览/加购未购买-洗碗机,新标签人群,无线,京东快车(搜索),Q1_洗碗机_单投,搜索-核心,8245,744,9.02%,5420.32,657.41,7.29,65,111935,8.74%,20.65
美的厨房电器1,近30天内浏览所选种子商品的人群,定向推荐人群,无线,京东快车(搜索),V1_洗碗机_单投,搜索-核心,8093,734,9.07%,3596.58,444.41,4.9,54,141743,7.36%,39.41
美的厨房电器1,近30天浏览、关注、加购与所选种子相关的店铺或品牌商品的人群,定向推荐人群,PC,京东快车(搜索),V1_洗碗机_单投,搜索-核心,8085,43,0.53%,179.86,22.25,4.18,6,13394,13.95%,74.47
美的厨房电器1,近30天浏览、关注、加购与所选种子相关的店铺或品牌商品的人群,定向推荐人群,无线,京东快车(搜索),V1_洗碗机_单投,搜索-核心,7925,702,8.86%,3365.43,424.66,4.79,39,102758,5.56%,30.53
美的厨房电器1,【新】浏览洗碗机未购买,新标签人群,无线,京东快车(搜索),Q1_洗碗机_单投,搜索-核心,7818,701,8.97%,5126.95,655.79,7.31,61,103739,8.70%,20.23
美的厨房电器1,【新】洗碗机搜索偏好,新标签人群,PC,京东快车(搜索),Q1_洗碗机_单投,搜索-核心,7744,20,0.26%,82.98,10.72,4.15,1,2099,5.00%,25.3
美的厨房电器1,【新】浏览/加购未购买-洗碗机,新标签人群,PC,京东快车(搜索),Q1_洗碗机_单投,搜索-核心,7687,25,0.33%,120.72,15.7,4.83,1,2099,4.00%,17.39
美的厨房电器1,近30天浏览、关注、加购过与所选种子相关的三级类目商品的人群,定向推荐人群,PC,京东快车(搜索),V1_洗碗机_单投,搜索-核心,7460,41,0.55%,194.3,26.05,4.74,11,23089,26.83%,118.83
美的厨房电器1,近30天内加购、加关注所选种子商品的人群,定向推荐人群,PC,京东快车(搜索),D2_洗碗机_单投,搜索-核心,7423,24,0.32%,112.14,15.11,4.67,3,3628,12.50%,32.35
美的厨房电器1,【新】洗碗机搜索偏好,新标签人群,PC,京东快车(搜索),Q7_洗碗机_单投,搜索-核心,7318,86,1.18%,341.69,46.69,3.97,4,11096,4.65%,32.47
美的厨房电器1,【新】浏览洗碗机未购买,新标签人群,PC,京东快车(搜索),Q1_洗碗机_单投,搜索-核心,7310,24,0.33%,117.55,16.08,4.9,1,2099,4.17%,17.86
美的厨房电器1,【新】浏览/加购未购买-洗碗机,新标签人群,PC,京东快车(搜索),Q7_洗碗机_单投,搜索-核心,7294,118,1.62%,508.91,69.77,4.31,6,18994,5.08%,37.32
美的厨房电器1,【新】搜索/促销敏感未购买-洗碗机,新标签人群,PC,京东快车(搜索),J1_洗碗机_单投,搜索-核心,7140,44,0.62%,133.25,18.66,3.03,1,2499,2.27%,18.75
美的厨房电器1,【新】618大促京东快车广告再营销人群,京选人群,无线,品牌聚效,京选店铺_洗碗机,洗碗机店铺,6936,864,12.46%,3140.13,452.73,3.63,77,196474,8.91%,62.57
美的厨房电器1,【新】搜索/促销敏感未购买-洗碗机,新标签人群,PC,京东快车(搜索),K2_洗碗机_单投,搜索-核心,6849,222,3.24%,705.15,102.96,3.18,15,46985,6.76%,66.63
美的厨房电器1,【新】浏览洗碗机未购买,新标签人群,PC,京东快车(搜索),Q7_洗碗机_单投,搜索-核心,6843,106,1.55%,472.38,69.03,4.46,6,18994,5.66%,40.21
美的厨房电器1,【新】洗碗机搜索偏好,新标签人群,无线,京东快车(搜索),Q1_洗碗机_单投,搜索-核心,6714,597,8.89%,3808.54,567.25,6.38,42,73458,7.04%,19.29
美的厨房电器1,【新】浏览洗碗机竞品未购买,新标签人群,无线,京东快车(搜索),洗碗机_店铺,店铺_洗碗机,6682,186,2.78%,373.04,55.83,2.01,10,21490,5.38%,57.61
美的厨房电器1,默认浏览人群,京选人群,PC,京东快车(搜索),V1_洗碗机_单投,搜索-核心,6641,29,0.44%,115.53,17.4,3.98,4,9496,13.79%,82.2
美的厨房电器1,【新】浏览洗碗机竞品未购买,新标签人群,无线,京东快车(搜索),Q7_洗碗机_单投,搜索-核心,6229,608,9.76%,3052.36,490.02,5.02,45,117455,7.40%,38.48
美的厨房电器1,近30天内加购、加关注所选种子商品的人群,定向推荐人群,无线,京东快车(搜索),Q7_洗碗机_单投,搜索-核心,6211,843,13.57%,4245.24,683.5,5.04,131,365340,15.54%,86.06
美的厨房电器1,【新】浏览洗碗机竞品未购买,新标签人群,PC,京东快车(搜索),J1_洗碗机_单投,搜索-核心,5861,43,0.73%,139.2,23.75,3.24,1,2499,2.33%,17.95
美的厨房电器1,【新】加购洗碗机未购买,新标签人群,无线,品牌聚效,京选店铺_洗碗机,洗碗机店铺,5857,706,12.05%,2824.33,482.21,4,64,178958,9.07%,63.36
美的厨房电器1,【新】浏览洗碗机竞品未购买,新标签人群,PC,京东快车(搜索),K2_洗碗机_单投,搜索-核心,5831,179,3.07%,613.31,105.18,3.43,17,48082,9.50%,78.4
美的厨房电器1,近30天浏览、关注、加购过与所选种子相关的三级类目商品的人群,定向推荐人群,无线,京东快车(搜索),V1_洗碗机_单投,搜索-核心,5805,629,10.84%,2952,508.53,4.69,43,113454,6.84%,38.43
美的厨房电器1,【新】搜索/促销敏感未购买-洗碗机,新标签人群,无线,京东快车(搜索),Q1_洗碗机_单投,搜索-核心,5700,508,8.91%,3229.46,566.57,6.36,40,70660,7.87%,21.88
美的厨房电器1,【新】搜索/促销敏感未购买-洗碗机,新标签人群,PC,京东快车(搜索),Q1_洗碗机_单投,搜索-核心,5125,14,0.27%,63.66,12.42,4.55,-,-,-,-
美的厨房电器1,【新】搜索/促销敏感未购买-洗碗机,新标签人群,PC,京东快车(搜索),Q7_洗碗机_单投,搜索-核心,4986,67,1.34%,264.54,53.06,3.95,4,11096,5.97%,41.94
美的厨房电器1,【新】浏览洗碗机竞品未购买,新标签人群,无线,京东快车(搜索),Q1_洗碗机_单投,搜索-核心,4795,440,9.18%,3291.39,686.42,7.48,47,81353,10.68%,24.72
美的厨房电器1,近30天内加购、加关注所选种子商品的人群,定向推荐人群,PC,京东快车(搜索),K2_洗碗机_单投,搜索-核心,4578,221,4.83%,997.91,217.98,4.52,47,135827,21.27%,136.11
美的厨房电器1,默认浏览人群,京选人群,无线,京东快车(搜索),V1_洗碗机_单投,搜索-核心,4415,378,8.56%,1730.3,391.91,4.58,23,59574,6.08%,34.43
美的厨房电器1,【新】浏览/加购未购买-洗碗机,新标签人群,无线,京东快车(搜索),V1_洗碗机_单投,搜索-核心,4399,416,9.46%,2109.2,479.47,5.07,24,62676,5.77%,29.72
美的厨房电器1,默认浏览人群,京选人群,PC,京东快车(搜索),秒杀计划,美的（Midea）_洗碗机,4353,37,0.85%,58.69,13.48,1.59,16,37987,43.24%,647.25
美的厨房电器1,【新】洗碗机搜索偏好,新标签人群,无线,京东快车(搜索),V1_洗碗机_单投,搜索-核心,4347,373,8.58%,1796.07,413.17,4.82,19,48381,5.09%,26.94
美的厨房电器1,【新】浏览洗碗机竞品未购买,新标签人群,PC,京东快车(搜索),Q1_洗碗机_单投,搜索-核心,4233,16,0.38%,77.51,18.31,4.84,1,2099,6.25%,27.08
美的厨房电器1,【新】浏览洗碗机竞品未购买,新标签人群,PC,京东快车(搜索),Q7_洗碗机_单投,搜索-核心,4137,65,1.57%,282.17,68.21,4.34,3,8197,4.62%,29.05
美的厨房电器1,【新】浏览洗碗机未购买,新标签人群,无线,京东快车(搜索),V1_洗碗机_单投,搜索-核心,4092,394,9.63%,2024.75,494.81,5.14,24,62676,6.09%,30.95
美的厨房电器1,默认购买人群,京选人群,PC,京东快车(搜索),秒杀计划,美的（Midea）_洗碗机,3991,34,0.85%,51.86,12.99,1.53,16,37987,47.06%,732.49
美的厨房电器1,【新】搜索/促销敏感未购买-洗碗机,新标签人群,无线,京东快车(搜索),V1_洗碗机_单投,搜索-核心,3738,313,8.37%,1505.99,402.89,4.81,19,48381,6.07%,32.13
美的厨房电器1,【新】浏览/加购未购买-洗碗机,新标签人群,PC,京东快车(搜索),V1_洗碗机_单投,搜索-核心,3606,18,0.50%,99.05,27.47,5.5,5,9695,27.78%,97.88
美的厨房电器1,近30天内加购、加关注所选种子商品的人群,定向推荐人群,无线,京东快车(搜索),Q1_洗碗机_单投,搜索-核心,3561,330,9.27%,2059.5,578.35,6.24,37,58462,11.21%,28.39
美的厨房电器1,【新】购买厨卫未购买洗碗机,新标签人群,无线,京东快车(搜索),K2_洗碗机_单投,搜索-核心,3552,433,12.19%,1749.91,492.65,4.04,28,79466,6.47%,45.41
美的厨房电器1,【新】浏览洗碗机未购买,新标签人群,PC,京东快车(搜索),V1_洗碗机_单投,搜索-核心,3420,17,0.50%,85.4,24.97,5.02,5,9695,29.41%,113.52
美的厨房电器1,【新】洗碗机搜索偏好,新标签人群,PC,京东快车(搜索),V1_洗碗机_单投,搜索-核心,3352,17,0.51%,70.2,20.94,4.13,5,9695,29.41%,138.11
美的厨房电器1,近30天内加购、加关注所选种子商品的人群,定向推荐人群,PC,京东快车(搜索),J1_洗碗机_单投,搜索-核心,3219,21,0.65%,74.32,23.09,3.54,4,11696,19.05%,157.37
美的厨房电器1,【新】购买厨卫未购买洗碗机,新标签人群,无线,京东快车(搜索),J1_洗碗机_单投,搜索-核心,2973,335,11.27%,1247.59,419.64,3.72,13,34887,3.88%,27.96
美的厨房电器1,默认购买人群,京选人群,无线,京东快车(搜索),D2_洗碗机_单投,搜索-核心,2812,198,7.04%,1131.58,402.41,5.72,13,31180,6.57%,27.55
美的厨房电器1,【新】加购洗碗机竞品未购买,新标签人群,无线,品牌聚效,京选店铺_洗碗机,洗碗机店铺,2774,401,14.46%,1452.16,523.49,3.62,25,65769,6.23%,45.29
美的厨房电器1,近30天内浏览所选种子商品的人群,定向推荐人群,无线,京东快车(搜索),D2_洗碗机_单投,搜索-核心,2509,180,7.17%,1040.97,414.89,5.78,12,28281,6.67%,27.17
美的厨房电器1,近30天内加购、加关注所选种子商品的人群,定向推荐人群,PC,京东快车(搜索),Q7_洗碗机_单投,搜索-核心,2434,63,2.59%,282.47,116.05,4.48,11,31889,17.46%,112.89
美的厨房电器1,【新】浏览店铺未购洗消,新标签人群,无线,京东快车(搜索),V1_洗碗机_单投,搜索-核心,2427,258,10.63%,1393.68,574.24,5.4,24,62676,9.30%,44.97
美的厨房电器1,近30天浏览、关注、加购与所选种子相关的店铺或品牌商品的人群,定向推荐人群,无线,京东快车(搜索),D2_洗碗机_单投,搜索-核心,2424,171,7.05%,969.41,399.92,5.67,12,28281,7.02%,29.17
美的厨房电器1,【新】浏览洗碗机竞品未购买,新标签人群,无线,京东快车(搜索),V1_洗碗机_单投,搜索-核心,2421,228,9.42%,1218.97,503.5,5.35,7,17293,3.07%,14.19
美的厨房电器1,近30天浏览、关注、加购过与所选种子相关的三级类目商品的人群,定向推荐人群,无线,京东快车(搜索),D2_洗碗机_单投,搜索-核心,2307,165,7.15%,975.2,422.71,5.91,7,17792,4.24%,18.24
美的厨房电器1,【新】加购洗碗机未购买,新标签人群,无线,京东快车(搜索),K2_洗碗机_单投,搜索-核心,2144,297,13.85%,1327.63,619.23,4.47,26,79271,8.75%,59.71
美的厨房电器1,【新】618大促京东快车广告再营销人群,京选人群,无线,京东快车(搜索),洗碗机_店铺,店铺_洗碗机,2108,97,4.60%,194.07,92.06,2,6,14592,6.19%,75.19
美的厨房电器1,【新】购买厨卫未购买洗碗机,新标签人群,PC,京东快车(搜索),D2_洗碗机_单投,搜索-核心,2047,5,0.24%,13.16,6.43,2.63,-,-,-,-
美的厨房电器1,【新】搜索/促销敏感未购买-洗碗机,新标签人群,PC,京东快车(搜索),V1_洗碗机_单投,搜索-核心,2042,10,0.49%,31.13,15.24,3.11,5,9695,50.00%,311.44
美的厨房电器1,【新】加购洗碗机未购买,新标签人群,无线,京东快车(搜索),J1_洗碗机_单投,搜索-核心,1958,233,11.90%,917.05,468.36,3.94,11,29488,4.72%,32.16
美的厨房电器1,默认浏览人群,京选人群,无线,京东快车(搜索),D2_洗碗机_单投,搜索-核心,1917,153,7.98%,876.03,456.98,5.73,10,23783,6.54%,27.15
美的厨房电器1,近30天内加购、加关注所选种子商品的人群,定向推荐人群,PC,京东快车(搜索),Q1_洗碗机_单投,搜索-核心,1877,13,0.69%,68.63,36.56,5.28,2,1998,15.38%,29.11
美的厨房电器1,近30天内加购、加关注所选种子商品的人群,定向推荐人群,无线,京东快车(搜索),洗碗机_店铺,店铺_洗碗机,1866,74,3.97%,144.97,77.69,1.96,3,5697,4.05%,39.3
美的厨房电器1,【新】浏览店铺未购洗消,新标签人群,PC,京东快车(搜索),V1_洗碗机_单投,搜索-核心,1851,13,0.70%,72.27,39.04,5.56,-,-,-,-
美的厨房电器1,【新】浏览洗碗机竞品未购买,新标签人群,PC,京东快车(搜索),V1_洗碗机_单投,搜索-核心,1749,12,0.69%,55.96,32,4.66,-,-,-,-
美的厨房电器1,【新】购买厨卫未购买洗碗机,新标签人群,无线,京东快车(搜索),Q7_洗碗机_单投,搜索-核心,1744,180,10.32%,912.77,523.38,5.07,17,49083,9.44%,53.77
美的厨房电器1,近30天内加购、加关注所选种子商品的人群,定向推荐人群,无线,京东快车(搜索),V1_洗碗机_单投,搜索-核心,1566,180,11.49%,908.19,579.94,5.05,14,33286,7.78%,36.65
美的厨房电器1,近30天内加购、加关注所选种子商品的人群,定向推荐人群,PC,京东快车(搜索),V1_洗碗机_单投,搜索-核心,1421,7,0.49%,31.19,21.95,4.46,5,11395,71.43%,365.34
美的厨房电器1,【新】浏览/加购未购买-洗碗机,新标签人群,无线,京东快车(搜索),D2_洗碗机_单投,搜索-核心,1408,70,4.97%,435.56,309.35,6.22,2,4498,2.86%,10.33
美的厨房电器1,【新】关注洗碗机未购买,新标签人群,无线,品牌聚效,京选店铺_洗碗机,洗碗机店铺,1381,214,15.50%,532.5,385.59,2.49,16,42912,7.48%,80.59
美的厨房电器1,【新】加购洗碗机未购买,新标签人群,PC,京东快车(搜索),D2_洗碗机_单投,搜索-核心,1355,1,0.07%,1.77,1.31,1.77,-,-,-,-
美的厨房电器1,【新】加购洗碗机竞品未购买,新标签人群,无线,京东快车(搜索),K2_洗碗机_单投,搜索-核心,1346,152,11.29%,665.33,494.3,4.38,10,30790,6.58%,46.28
美的厨房电器1,【新】加购洗碗机竞品未购买,新标签人群,无线,京东快车(搜索),J1_洗碗机_单投,搜索-核心,1333,137,10.28%,550.12,412.69,4.02,4,11996,2.92%,21.81
美的厨房电器1,【新】洗碗机搜索偏好,新标签人群,无线,京东快车(搜索),D2_洗碗机_单投,搜索-核心,1317,58,4.40%,276.95,210.29,4.78,2,4498,3.45%,16.24
美的厨房电器1,【新】浏览洗碗机未购买,新标签人群,无线,京东快车(搜索),D2_洗碗机_单投,搜索-核心,1283,66,5.14%,408.41,318.32,6.19,2,4498,3.03%,11.01
美的厨房电器1,【新】购买厨卫未购买洗碗机,新标签人群,PC,京东快车(搜索),K2_洗碗机_单投,搜索-核心,1213,51,4.20%,201.45,166.08,3.95,3,8897,5.88%,44.16
美的厨房电器1,【新】购买厨卫未购买洗碗机,新标签人群,无线,京东快车(搜索),Q1_洗碗机_单投,搜索-核心,1143,136,11.90%,857.69,750.38,6.31,7,13793,5.15%,16.08
美的厨房电器1,【新】加购洗碗机未购买,新标签人群,无线,京东快车(搜索),洗碗机_店铺,店铺_洗碗机,1069,39,3.65%,83.28,77.9,2.14,1,999,2.56%,12
美的厨房电器1,【新】加购洗碗机未购买,新标签人群,无线,京东快车(搜索),Q7_洗碗机_单投,搜索-核心,986,122,12.37%,654.77,664.07,5.37,25,65075,20.49%,99.39
美的厨房电器1,【新】购买厨卫未购买洗碗机,新标签人群,PC,京东快车(搜索),J1_洗碗机_单投,搜索-核心,979,6,0.61%,14.86,15.18,2.48,-,-,-,-
美的厨房电器1,【新】加购洗碗机未购买,新标签人群,无线,京东快车(搜索),Q1_洗碗机_单投,搜索-核心,889,69,7.76%,503.45,566.31,7.3,8,11792,11.59%,23.42
美的厨房电器1,【新】加购洗碗机竞品未购买,新标签人群,PC,京东快车(搜索),D2_洗碗机_单投,搜索-核心,873,-,-,-,-,-,-,-,-,-
美的厨房电器1,【新】家装未浏览洗消,新标签人群,无线,京东快车(搜索),K2_洗碗机_单投,搜索-核心,839,116,13.83%,426.07,507.83,3.67,-,-,-,-
美的厨房电器1,【新】购买厨卫未购买洗碗机,新标签人群,PC,京东快车(搜索),Q7_洗碗机_单投,搜索-核心,835,19,2.28%,79.34,95.02,4.18,1,2899,5.26%,36.54
美的厨房电器1,【新】搜索/促销敏感未购买-洗碗机,新标签人群,无线,京东快车(搜索),D2_洗碗机_单投,搜索-核心,814,41,5.04%,196.66,241.6,4.8,2,4498,4.88%,22.87
美的厨房电器1,【新】购买厨卫未购买洗碗机,新标签人群,PC,京东快车(搜索),Q1_洗碗机_单投,搜索-核心,769,3,0.39%,15.26,19.84,5.09,1,1399,33.33%,91.68
美的厨房电器1,【新】加购洗碗机竞品未购买,新标签人群,无线,京东快车(搜索),Q7_洗碗机_单投,搜索-核心,712,91,12.78%,479.82,673.9,5.27,19,45281,20.88%,94.37
美的厨房电器1,【新】浏览洗碗机竞品未购买,新标签人群,无线,京东快车(搜索),D2_洗碗机_单投,搜索-核心,712,33,4.63%,207.6,291.57,6.29,2,4498,6.06%,21.67
美的厨房电器1,【新】加购洗碗机未购买,新标签人群,PC,京东快车(搜索),K2_洗碗机_单投,搜索-核心,709,28,3.95%,121.23,170.99,4.33,6,16694,21.43%,137.71
美的厨房电器1,【新】加购洗碗机竞品未购买,新标签人群,无线,京东快车(搜索),洗碗机_店铺,店铺_洗碗机,684,24,3.51%,50.35,73.61,2.1,-,-,-,-
美的厨房电器1,【新】加购洗碗机未购买,新标签人群,PC,京东快车(搜索),J1_洗碗机_单投,搜索-核心,644,5,0.78%,18.43,28.62,3.69,-,-,-,-
美的厨房电器1,【新】购买厨卫未购买洗碗机,新标签人群,无线,京东快车(搜索),V1_洗碗机_单投,搜索-核心,638,78,12.23%,403.49,632.43,5.17,11,31789,14.10%,78.79
美的厨房电器1,【新】家装未浏览洗消,新标签人群,无线,京东快车(搜索),J1_洗碗机_单投,搜索-核心,606,52,8.58%,196.51,324.27,3.78,9,23921,17.31%,121.73
美的厨房电器1,【新】加购洗碗机竞品未购买,新标签人群,无线,京东快车(搜索),Q1_洗碗机_单投,搜索-核心,537,37,6.89%,264,491.62,7.14,2,2798,5.41%,10.6
美的厨房电器1,【新】家装未浏览洗消,新标签人群,PC,京东快车(搜索),D2_洗碗机_单投,搜索-核心,534,1,0.19%,2.05,3.84,2.05,-,-,-,-
美的厨房电器1,【新】加购洗碗机未购买,新标签人群,PC,京东快车(搜索),Q7_洗碗机_单投,搜索-核心,532,10,1.88%,47.12,88.57,4.71,2,6198,20.00%,131.54
美的厨房电器1,【新】加购洗碗机未购买,新标签人群,PC,京东快车(搜索),Q1_洗碗机_单投,搜索-核心,529,1,0.19%,9.86,18.64,9.86,-,-,-,-
美的厨房电器1,【新】加购洗碗机竞品未购买,新标签人群,PC,京东快车(搜索),K2_洗碗机_单投,搜索-核心,475,16,3.37%,73.18,154.06,4.57,3,7397,18.75%,101.08
美的厨房电器1,【新】家装未浏览洗消,新标签人群,无线,京东快车(搜索),Q7_洗碗机_单投,搜索-核心,452,51,11.28%,209.97,464.54,4.12,-,-,-,-
美的厨房电器1,618大促类目购买意向人群【洗碗机】,标签人群,无线,品牌聚效,6月首焦_洗碗机,碗美大作战_首焦,446,14,3.14%,8.29,18.59,0.59,-,-,-,-
美的厨房电器1,【新】加购洗碗机竞品未购买,新标签人群,PC,京东快车(搜索),J1_洗碗机_单投,搜索-核心,431,5,1.16%,18.43,42.76,3.69,-,-,-,-
美的厨房电器1,【新】加购洗碗机未购买,新标签人群,无线,京东快车(搜索),V1_洗碗机_单投,搜索-核心,412,38,9.22%,219.97,533.91,5.79,4,7296,10.53%,33.17
美的厨房电器1,【新】关注洗碗机未购买,新标签人群,无线,京东快车(搜索),K2_洗碗机_单投,搜索-核心,392,52,13.27%,192.29,490.54,3.7,4,12496,7.69%,64.99
美的厨房电器1,【新】关注洗碗机未购买,新标签人群,无线,京东快车(搜索),J1_洗碗机_单投,搜索-核心,389,39,10.03%,148.91,382.8,3.82,5,12494,12.82%,83.9
美的厨房电器1,【新】加购洗碗机竞品未购买,新标签人群,PC,京东快车(搜索),Q7_洗碗机_单投,搜索-核心,360,9,2.50%,47.16,131,5.24,2,6198,22.22%,131.42
美的厨房电器1,【新】家装未浏览洗消,新标签人群,PC,京东快车(搜索),K2_洗碗机_单投,搜索-核心,351,15,4.27%,56.27,160.31,3.75,-,-,-,-
美的厨房电器1,【新】加购洗碗机竞品未购买,新标签人群,PC,京东快车(搜索),Q1_洗碗机_单投,搜索-核心,342,2,0.58%,17.76,51.93,8.88,-,-,-,-
美的厨房电器1,【新】购买厨卫未购买洗碗机,新标签人群,PC,京东快车(搜索),V1_洗碗机_单投,搜索-核心,341,3,0.88%,19.57,57.39,6.52,5,9695,166.67%,495.4
美的厨房电器1,【新】618大促高潜人群,京选人群,无线,品牌聚效,6月首焦_洗碗机,碗美大作战_首焦,333,18,5.41%,6.64,19.94,0.37,-,-,-,-
美的厨房电器1,近30天内加购、加关注所选种子商品的人群,定向推荐人群,无线,京东快车(搜索),D2_洗碗机_单投,搜索-核心,327,20,6.12%,103.87,317.65,5.19,4,11094,20.00%,106.81
美的厨房电器1,【新】持【家用电器】类优惠券的用户,京选人群,无线,品牌聚效,6月首焦_洗碗机,碗美大作战_首焦,294,4,1.36%,6.11,20.78,1.53,-,-,-,-
美的厨房电器1,【新】家装未浏览洗消,新标签人群,PC,京东快车(搜索),J1_洗碗机_单投,搜索-核心,280,-,-,-,-,-,-,-,-,-
美的厨房电器1,【新】加购洗碗机竞品未购买,新标签人群,无线,京东快车(搜索),V1_洗碗机_单投,搜索-核心,274,25,9.12%,102.74,374.96,4.11,1,1999,4.00%,19.46
美的厨房电器1,【新】加购洗碗机未购买,新标签人群,PC,京东快车(搜索),V1_洗碗机_单投,搜索-核心,253,-,-,-,-,-,-,-,-,-
美的厨房电器1,【新】关注洗碗机未购买,新标签人群,PC,京东快车(搜索),D2_洗碗机_单投,搜索-核心,250,-,-,-,-,-,-,-,-,-
美的厨房电器1,【新】家装未浏览洗消,新标签人群,PC,京东快车(搜索),Q7_洗碗机_单投,搜索-核心,225,6,2.67%,19.97,88.76,3.33,-,-,-,-
美的厨房电器1,【新】618大促品牌聚效广告再营销人群,京选人群,无线,京东快车(搜索),洗碗机_店铺,店铺_洗碗机,204,9,4.41%,19.18,94.02,2.13,-,-,-,-
美的厨房电器1,【新】家装未浏览洗消,新标签人群,无线,京东快车(搜索),Q1_洗碗机_单投,搜索-核心,202,21,10.40%,118.68,587.52,5.65,-,-,-,-
美的厨房电器1,【新】购买厨卫未购买洗碗机,新标签人群,无线,品牌聚效,6月首焦_洗碗机,碗美大作战_首焦,202,-,-,3.65,18.07,-,-,-,-,-
美的厨房电器1,【新】关注洗碗机未购买,新标签人群,无线,京东快车(搜索),Q7_洗碗机_单投,搜索-核心,196,13,6.63%,59.67,304.44,4.59,1,2899,7.69%,48.58
美的厨房电器1,【新】关注洗碗机未购买,新标签人群,无线,京东快车(搜索),洗碗机_店铺,店铺_洗碗机,185,2,1.08%,2.72,14.7,1.36,-,-,-,-
美的厨房电器1,【新】家装未浏览洗消,新标签人群,PC,京东快车(搜索),Q1_洗碗机_单投,搜索-核心,184,-,-,-,-,-,-,-,-,-
美的厨房电器1,【新】购买厨卫未购买洗碗机,新标签人群,无线,京东快车(搜索),D2_洗碗机_单投,搜索-核心,156,10,6.41%,65.11,417.37,6.51,-,-,-,-
美的厨房电器1,【新】加购洗碗机竞品未购买,新标签人群,PC,京东快车(搜索),V1_洗碗机_单投,搜索-核心,156,-,-,-,-,-,-,-,-,-
美的厨房电器1,【新】关注洗碗机未购买,新标签人群,无线,京东快车(搜索),Q1_洗碗机_单投,搜索-核心,150,16,10.67%,126.55,843.67,7.91,1,1399,6.25%,11.05
美的厨房电器1,【新】关注洗碗机未购买,新标签人群,PC,京东快车(搜索),K2_洗碗机_单投,搜索-核心,134,10,7.46%,38.73,289.03,3.87,-,-,-,-
美的厨房电器1,【新】家装未浏览洗消,新标签人群,无线,京东快车(搜索),V1_洗碗机_单投,搜索-核心,130,11,8.46%,39.82,306.31,3.62,-,-,-,-
美的厨房电器1,【新】关注洗碗机未购买,新标签人群,PC,京东快车(搜索),J1_洗碗机_单投,搜索-核心,114,-,-,-,-,-,-,-,-,-
美的厨房电器1,【新】关注洗碗机未购买,新标签人群,PC,京东快车(搜索),Q1_洗碗机_单投,搜索-核心,79,-,-,-,-,-,-,-,-,-
美的厨房电器1,【新】关注洗碗机未购买,新标签人群,PC,京东快车(搜索),Q7_洗碗机_单投,搜索-核心,78,4,5.13%,14.68,188.21,3.67,-,-,-,-
美的厨房电器1,【新】家装未浏览洗消,新标签人群,PC,京东快车(搜索),V1_洗碗机_单投,搜索-核心,77,2,2.60%,10.45,135.71,5.23,-,-,-,-
美的厨房电器1,【新】加购洗碗机未购买,新标签人群,无线,京东快车(搜索),D2_洗碗机_单投,搜索-核心,72,4,5.56%,18.07,250.97,4.52,-,-,-,-
美的厨房电器1,【新】关注洗碗机未购买,新标签人群,无线,京东快车(搜索),V1_洗碗机_单投,搜索-核心,71,9,12.68%,47.34,666.76,5.26,1,2499,11.11%,52.79
美的厨房电器1,默认购买人群,京选人群,无线,品牌聚效,6月首焦_洗碗机,碗美大作战_首焦,64,-,-,1.1,17.19,-,-,-,-,-
美的厨房电器1,【新】家装未浏览洗消,新标签人群,无线,京东快车(搜索),D2_洗碗机_单投,搜索-核心,55,4,7.27%,16.64,302.55,4.16,-,-,-,-
美的厨房电器1,【新】加购洗碗机竞品未购买,新标签人群,无线,京东快车(搜索),D2_洗碗机_单投,搜索-核心,51,4,7.84%,19.42,380.78,4.86,1,2299,25.00%,118.38
美的厨房电器1,【新】关注洗碗机未购买,新标签人群,PC,京东快车(搜索),V1_洗碗机_单投,搜索-核心,43,1,2.33%,2.83,65.81,2.83,-,-,-,-
美的厨房电器1,【新】浏览洗碗机竞品未购买,新标签人群,无线,品牌聚效,6月首焦_洗碗机,碗美大作战_首焦,30,1,3.33%,0.72,24,0.72,-,-,-,-
美的厨房电器1,【新】618大促京东快车广告再营销人群,京选人群,无线,品牌聚效,6月首焦_洗碗机,碗美大作战_首焦,15,1,6.67%,0.31,20.67,0.31,-,-,-,-
美的厨房电器1,【新】关注洗碗机未购买,新标签人群,无线,京东快车(搜索),D2_洗碗机_单投,搜索-核心,14,1,7.14%,11.63,830.71,11.63,-,-,-,-
美的厨房电器1,近30天内浏览所选种子商品的人群,定向推荐人群,无线,品牌聚效,6月首焦_洗碗机,碗美大作战_首焦,3,-,-,0.07,23.33,-,-,-,-,-
美的厨房电器1,【新】加购洗碗机竞品未购买,新标签人群,无线,品牌聚效,6月首焦_洗碗机,碗美大作战_首焦,2,-,-,0.05,25,-,-,-,-,-
